{"cameraMode":{"drawMode":0,"name":"Shaded","section":"Shading Mode"},"sceneLighting":true,"audioPlay":false,"sceneViewState":{"m_AlwaysRefresh":false,"showFog":true,"showSkybox":true,"showFlares":true,"showImageEffects":true,"showParticleSystems":true,"showVisualEffectGraphs":true,"m_FxEnabled":true},"in2DMode":false,"pivot":{"x":-0.024576425552368165,"y":-1.6206693649291993,"z":-5.333040714263916},"rotation":{"x":-0.0722714439034462,"y":0.1982240080833435,"z":-0.014657184481620789,"w":-0.9773795008659363},"size":3.492579936981201,"orthographic":false}